Player Name,Age,PA,AVG,OBP,SLG,OPS,HR,BB%,K%,Exit Velocity,Hard-Hit %,Barrel %,wOBA,xwOBA,xBA,xSLG,xwOBA Gap,xSLG Gap,Sample Size
Ben Malgeri,26,140,0.25,0.35,0.417,0.767,5,12.10%,25.70%,90.1,42.40%,7.10%,0.341,0.317,0.243,0.354,-0.024,-0.063,Small Sample
Brett Callahan,24,80,0.211,0.287,0.324,0.611,1,8.80%,33.80%,89.9,44.40%,11.10%,0.274,0.296,0.211,0.375,0.022,0.051,Very Small Sample
Colt Keith,24,423,0.258,0.322,0.406,0.728,10,7.60%,19.90%,88.7,42.10%,7.60%,0.321,0.333,0.272,0.423,0.012,0.017,Medium Sample
Corey Julks,30,7,0.286,0.286,0.429,0.715,0,0.00%,14.30%,87.9,33.30%,0.00%,0.307,0.188,0.172,0.27,-0.119,-0.159,Very Small Sample
Dillon Dingler,27,607,0.243,0.302,0.446,0.748,27,5.60%,22.90%,88.8,43.40%,10.10%,0.325,0.344,0.266,0.468,0.019,0.022,Large Sample
Eduardo Valencia,26,138,0.341,0.38,0.636,1.016,8,4.30%,23.20%,90.3,49.50%,15.50%,0.433,0.372,0.285,0.546,-0.061,-0.09,Small Sample
Gleyber Torres,29,420,0.26,0.364,0.363,0.727,8,13.60%,19.30%,86.2,32.30%,6.10%,0.328,0.325,0.252,0.368,-0.003,0.005,Medium Sample
Hao-Yu Lee,23,364,0.264,0.322,0.424,0.746,10,8.20%,23.90%,89.5,41.30%,8.50%,0.325,0.302,0.234,0.393,-0.023,-0.031,Medium Sample
Jace Jung,26,11,0.222,0.364,0.222,0.586,0,18.20%,27.30%,84.2,16.70%,0.00%,0.289,0.367,0.301,0.376,0.078,0.154,Very Small Sample
Javier Báez,33,196,0.241,0.27,0.364,0.634,3,3.10%,20.90%,85.6,34.70%,2.70%,0.277,0.266,0.242,0.325,-0.011,-0.039,Small Sample
John Peck,23,80,0.162,0.275,0.176,0.451,0,11.20%,20.00%,88.6,37.70%,7.70%,0.224,0.31,0.221,0.346,0.086,0.17,Very Small Sample
Kerry Carpenter,28,259,0.208,0.276,0.416,0.692,13,6.90%,29.00%,89.8,44.00%,9.60%,0.301,0.295,0.212,0.388,-0.006,-0.028,Medium Sample
Kevin McGonigle,21,707,0.278,0.376,0.43,0.806,18,13.40%,14.10%,87.8,37.60%,7.30%,0.357,0.355,0.264,0.445,-0.002,0.015,Large Sample
Matt Vierling,29,291,0.207,0.255,0.335,0.59,5,6.50%,16.80%,87.9,37.20%,5.00%,0.258,0.304,0.256,0.381,0.046,0.046,Medium Sample
Max Clark,21,206,0.272,0.35,0.417,0.767,3,8.70%,20.40%,87.6,38.00%,2.10%,0.337,0.314,0.264,0.345,-0.023,-0.072,Small Sample
Parker Meadows,26,39,0.25,0.308,0.333,0.641,0,5.10%,25.60%,85.3,19.20%,3.80%,0.288,0.25,0.212,0.277,-0.038,-0.056,Very Small Sample
Riley Greene,25,592,0.28,0.37,0.474,0.844,21,12.00%,26.50%,89.9,46.00%,14.80%,0.366,0.369,0.262,0.497,0.003,0.023,Large Sample
Spencer Torkelson,26,612,0.23,0.331,0.435,0.766,26,11.60%,31.70%,89.5,42.00%,12.20%,0.337,0.314,0.211,0.392,-0.023,-0.043,Large Sample
Wenceel Pérez,26,175,0.18,0.246,0.348,0.594,7,8.00%,16.60%,87.2,33.30%,7.60%,0.262,0.272,0.203,0.348,0.01,0,Small Sample
Zach McKinstry,31,423,0.199,0.288,0.294,0.582,4,9.90%,16.30%,85.8,22.50%,2.00%,0.265,0.284,0.23,0.31,0.019,0.016,Medium Sample
